"Alain","Dieckhoff","0","alain.dieckhoff@entreprisea.fr"
"Alexandre","Desrumaux","1","alexandre.desrumaux@entreprisea.fr"
"Alice","Antheaume","2","alice.antheaume@entreprisea.fr"
"Alice","Judell","3","alice.judell@entreprisea.fr"
"Alifaycal","Zerouati","4","alifaycal.zerouati@entreprisea.fr"
"Allison","Rovny","5","allison.rovny@entreprisea.fr"
"Ambroisine","Bourbon","6","ambroisine.bourbon@entreprisea.fr"
"Andreas","Roessner","7","andreas.roessner@entreprisea.fr"
"Angelique","Pawlowski","8","angelique.pawlowski@entreprisea.fr"
"Anita","Beldimanmoore","9","anita.beldimanmoore@entreprisea.fr"
"Annabelle","Mondon","10","annabelle.mondon@entreprisea.fr"
"Anne","Cornilleau","11","anne.cornilleau@entreprisea.fr"
"Anne","Lepage","12","anne.lepage@entreprisea.fr"
"Anne","Lesegretain","13","anne.lesegretain@entreprisea.fr"
"Annelaure","Faure","14","annelaure.faure@entreprisea.fr"
